{
  "task_id": "phase3_whitened_attribution",
  "method": "whitened_repsim",
  "model": "EleutherAI/pythia-1b",
  "hidden_dim": 2048,
  "pilot_n_train": 100,
  "bootstrap_B": 1000,
  "seed": 42,
  "scoring_variants": [
    "standard",
    "contrastive",
    "whitened",
    "whitened_contrastive"
  ],
  "results_per_task": {
    "toxicity": {
      "variants": {
        "standard": {
          "metrics": {
            "AUPRC": 0.685158,
            "CI_lower": 0.471979,
            "CI_upper": 0.844056,
            "n_unsafe": 20,
            "n_train": 100,
            "score_stats": {
              "mean": 0.41564448142518434,
              "std": 0.2788244978048485,
              "min": -0.07392464659068888,
              "max": 0.7888157878230488
            }
          }
        },
        "contrastive": {
          "metrics": {
            "AUPRC": 0.685158,
            "CI_lower": 0.471979,
            "CI_upper": 0.844056,
            "n_unsafe": 20,
            "n_train": 100,
            "score_stats": {
              "mean": -3.164135620181696e-17,
              "std": 0.2788244978048485,
              "min": -0.4895691280158734,
              "max": 0.37317130639786456
            }
          }
        },
        "whitened": {
          "metrics": {
            "AUPRC": 0.57575,
            "CI_lower": 0.364013,
            "CI_upper": 0.755291,
            "n_unsafe": 20,
            "n_train": 100,
            "score_stats": {
              "mean": 1970.3993803098483,
              "std": 5.737296947872489,
              "min": 1955.714395489428,
              "max": 1984.9992260072486
            }
          }
        },
        "whitened_contrastive": {
          "metrics": {
            "AUPRC": 0.57575,
            "CI_lower": 0.364013,
            "CI_upper": 0.755291,
            "n_unsafe": 20,
            "n_train": 100,
            "score_stats": {
              "mean": -2.0090595853616834e-14,
              "std": 5.737296947872479,
              "min": -14.684984820420482,
              "max": 14.599845697400179
            }
          }
        }
      },
      "runtime_sec": 78.62,
      "n_train": 100,
      "n_ref": 10
    },
    "counterfact": {
      "variants": {
        "standard": {
          "metrics": {
            "Recall@50": 0.99359,
            "Recall@50_CI": [
              0.979167,
              1.0
            ],
            "MRR": 0.875801,
            "MRR_CI": [
              0.797745,
              0.945513
            ],
            "refs_with_facts": 52,
            "n_ref": 66,
            "n_train": 100
          }
        },
        "contrastive": {
          "metrics": {
            "Recall@50": 0.99359,
            "Recall@50_CI": [
              0.979167,
              1.0
            ],
            "MRR": 0.875801,
            "MRR_CI": [
              0.797745,
              0.945513
            ],
            "refs_with_facts": 52,
            "n_ref": 66,
            "n_train": 100
          }
        },
        "whitened": {
          "metrics": {
            "Recall@50": 0.913462,
            "Recall@50_CI": [
              0.867925,
              0.955787
            ],
            "MRR": 0.874771,
            "MRR_CI": [
              0.792685,
              0.942987
            ],
            "refs_with_facts": 52,
            "n_ref": 66,
            "n_train": 100
          }
        },
        "whitened_contrastive": {
          "metrics": {
            "Recall@50": 0.913462,
            "Recall@50_CI": [
              0.867925,
              0.955787
            ],
            "MRR": 0.874771,
            "MRR_CI": [
              0.792685,
              0.942987
            ],
            "refs_with_facts": 52,
            "n_ref": 66,
            "n_train": 100
          }
        }
      },
      "runtime_sec": 25.37,
      "n_train": 100,
      "n_ref": 66
    },
    "ftrace": {
      "variants": {
        "standard": {
          "metrics": {
            "Recall@50": 0.756321,
            "Recall@50_CI": [
              0.661071,
              0.841806
            ],
            "MRR": 0.617514,
            "MRR_CI": [
              0.465883,
              0.769108
            ],
            "refs_with_facts": 28,
            "n_ref": 30,
            "n_train": 100
          }
        },
        "contrastive": {
          "metrics": {
            "Recall@50": 0.756321,
            "Recall@50_CI": [
              0.661071,
              0.841806
            ],
            "MRR": 0.617514,
            "MRR_CI": [
              0.465883,
              0.769108
            ],
            "refs_with_facts": 28,
            "n_ref": 30,
            "n_train": 100
          }
        },
        "whitened": {
          "metrics": {
            "Recall@50": 0.649977,
            "Recall@50_CI": [
              0.553596,
              0.740959
            ],
            "MRR": 0.557864,
            "MRR_CI": [
              0.397881,
              0.712375
            ],
            "refs_with_facts": 28,
            "n_ref": 30,
            "n_train": 100
          }
        },
        "whitened_contrastive": {
          "metrics": {
            "Recall@50": 0.649977,
            "Recall@50_CI": [
              0.553596,
              0.740959
            ],
            "MRR": 0.557864,
            "MRR_CI": [
              0.397881,
              0.712375
            ],
            "refs_with_facts": 28,
            "n_ref": 30,
            "n_train": 100
          }
        }
      },
      "runtime_sec": 19.14,
      "n_train": 100,
      "n_ref": 30
    }
  },
  "whitening_info": {
    "toxicity": {
      "shrinkage_coefficient": 0.11669121413609516,
      "condition_number": 3911.692777622759,
      "n_eigenvalues_clipped": 0,
      "min_eigenvalue_original": 3.932202108415881e-05,
      "max_eigenvalue": 0.1538156658764339,
      "min_eigenvalue_clipped": 1.538156658764339e-09,
      "r_eff_95": 1171,
      "r_eff_99": 1873,
      "trace": 0.6901247859713024,
      "mean_rep_norm": 0.5566643731494294
    },
    "counterfact": {
      "shrinkage_coefficient": 0.28794492748305633,
      "condition_number": 514.5862143386207,
      "n_eigenvalues_clipped": 0,
      "min_eigenvalue_original": 6.992535517091754e-05,
      "max_eigenvalue": 0.035982623803685956,
      "min_eigenvalue_clipped": 3.598262380368596e-10,
      "r_eff_95": 1693,
      "r_eff_99": 1977,
      "trace": 0.49734207385364104,
      "mean_rep_norm": 0.7089837295989537
    },
    "ftrace": {
      "shrinkage_coefficient": 0.39500618907949736,
      "condition_number": 272.2007858801842,
      "n_eigenvalues_clipped": 0,
      "min_eigenvalue_original": 9.777305834841323e-05,
      "max_eigenvalue": 0.026613903320347184,
      "min_eigenvalue_clipped": 2.6613903320347183e-10,
      "r_eff_95": 1789,
      "r_eff_99": 1997,
      "trace": 0.5069268002210072,
      "mean_rep_norm": 0.7021917194887055
    }
  },
  "snr_analysis": {
    "counterfact": {
      "n_queries": 66,
      "n_valid_snr": 25,
      "snr_mean": 12.589829724541287,
      "snr_median": 12.303344359545273,
      "snr_std": 8.405702112861723,
      "snr_min": 0.6994899851659279,
      "snr_max": 31.60351376094964,
      "snr_accuracy_correlation": 0.3359,