{
  "task_id": "phase0_pipeline_pilot",
  "model": "EleutherAI/pythia-1b",
  "hidden_dim": 2048,
  "pilot_n_train": 100,
  "trak_k": 2048,
  "seed": 42,
  "methods": {
    "repsim": {
      "toxicity": {
        "metrics": {
          "AUPRC": 0.685158,
          "n_unsafe": 20
        },
        "runtime_sec": 1.03
      },
      "counterfact": {
        "metrics": {
          "Recall@50": 0.782828,
          "MRR": 0.690025,
          "refs_with_facts": 52
        },
        "runtime_sec": 0.31
      }
    },
    "trak": {
      "toxicity": {
        "metrics": {
          "AUPRC": 0.925612,
          "n_unsafe": 20
        },
        "runtime_sec": 9.8
      },
      "counterfact": {
        "metrics": {
          "Recall@50": 0.527778,
          "MRR": 0.189019,
          "refs_with_facts": 52
        },
        "runtime_sec": 13.71
      }
    }
  },
  "sanity_checks": {
    "toxicity": {
      "repsim": 0.685158,
      "trak": 0.925612,
      "gap": -0.240454,
      "metric": "AUPRC",
      "pass": false
    },
    "counterfact": {
      "repsim": 1.472853,
      "trak": 0.716797,
      "gap": 0.756056,
      "metric": "Recall@50+MRR",
      "pass": true
    }
  },
  "overall_sanity_pass": false,
  "score_stats": {
    "repsim_toxicity": {
      "mean": 0.41564249992370605,
      "std": 0.2788287103176117,
      "min": -0.07395385205745697,
      "max": 0.788835883140564
    },
    "repsim_counterfact": {
      "mean": 0.4831373691558838,
      "std": 0.12143485248088837,
      "min": 0.1336340457201004,
      "max": 0.9821974039077759,
      "n_ref": 66
    },
    "trak_toxicity": {
      "mean": 0.02061079442501068,
      "std": 0.04246280714869499,
      "min": -0.025587523356080055,
      "max": 0.20504160225391388
    },
    "trak_counterfact": {
      "mean": 0.02502133883535862,
      "std": 0.08610334992408752,
      "min": -0.41543084383010864,
      "max": 0.9684537053108215,
      "n_ref": 66
    }
  },
  "timings": {
    "repsim_toxicity": 1.03,
    "repsim_counterfact": 0.31,
    "trak_toxicity": 9.8,
    "trak_counterfact": 13.71
  },
  "total_runtime_sec": 32.24,
  "gpu": "NVIDIA GeForce RTX 4090",
  "timestamp": "2026-03-17T00:33:37.930397"
}