{
  "task_id": "phase1_baselines",
  "methods": [
    "BM25",
    "kNN",
    "DDA"
  ],
  "model": "EleutherAI/pythia-1b",
  "hidden_dim": 2048,
  "pilot_n_train": 100,
  "bootstrap_B": 1000,
  "seed": 42,
  "results": {
    "BM25": {
      "toxicity": {
        "metrics": {
          "AUPRC": 0.509496,
          "CI_lower": 0.287687,
          "CI_upper": 0.726326,
          "n_unsafe": 20,
          "n_train": 100,
          "score_stats": {
            "mean": 136.5953369140625,
            "std": 25.599027633666992,
            "min": 59.24163818359375,
            "max": 196.31903076171875
          }
        },
        "runtime_sec": 0.06,
        "n_train_pilot": 100,
        "n_ref": 10
      },
      "counterfact": {
        "metrics": {
          "Recall@50": 1.0,
          "Recall@50_CI": [
            1.0,
            1.0
          ],
          "MRR": 0.742216,
          "MRR_CI": [
            0.649379,
            0.829301
          ],
          "refs_with_facts": 52,
          "n_ref": 66,
          "n_train": 100
        },
        "runtime_sec": 0.01,
        "n_train_pilot": 100,
        "n_ref": 66
      },
      "ftrace": {
        "metrics": {
          "Recall@50": 0.660864,
          "Recall@50_CI": [
            0.556917,
            0.760051
          ],
          "MRR": 0.588606,
          "MRR_CI": [
            0.432873,
            0.739423
          ],
          "refs_with_facts": 28,
          "n_ref": 30,
          "n_train": 100
        },
        "runtime_sec": 0.01,
        "n_train_pilot": 100,
        "n_ref": 30
      }
    },
    "kNN": {
      "toxicity": {
        "metrics": {
          "AUPRC": 0.809212,
          "CI_lower": 0.652062,
          "CI_upper": 0.937057,
          "n_unsafe": 20,
          "n_train": 100,
          "score_stats": {
            "mean": 0.6443495750427246,
            "std": 0.10438882559537888,
            "min": 0.1948409378528595,
            "max": 0.8184620141983032
          }
        },
        "runtime_sec": 0.01,
        "n_train_pilot": 100,
        "n_ref": 10
      },
      "counterfact": {
        "metrics": {
          "Recall@50": 0.948718,
          "Recall@50_CI": [
            0.895823,
            0.986673
          ],
          "MRR": 0.623001,
          "MRR_CI": [
            0.515343,
            0.732473
          ],
          "refs_with_facts": 52,
          "n_ref": 66,
          "n_train": 100
        },
        "runtime_sec": 0.0,
        "n_train_pilot": 100,
        "n_ref": 66
      },
      "ftrace": {
        "metrics": {
          "Recall@50": 0.660451,
          "Recall@50_CI": [
            0.570718,
            0.752268
          ],
          "MRR": 0.403189,
          "MRR_CI": [
            0.240426,
            0.567199
          ],
          "refs_with_facts": 28,
          "n_ref": 30,
          "n_train": 100
        },
        "runtime_sec": 0.0,
        "n_train_pilot": 100,
        "n_ref": 30
      }
    },
    "DDA": {
      "toxicity": {
        "metrics": {
          "AUPRC": 0.876384,
          "CI_lower": 0.724385,
          "CI_upper": 0.974768,
          "n_unsafe": 20,
          "n_train": 100,
          "score_stats": {
            "mean": 0.0009364885045215487,
            "std": 0.10669589787721634,
            "min": -0.16663751006126404,
            "max": 0.4057360291481018
          }
        },
        "runtime_sec": 18.1,
        "n_train_pilot": 100,
        "n_ref": 10,
        "dda_meta": {
          "k_95": 86
        }
      },
      "counterfact": {
        "metrics": {
          "Recall@50": 0.692308,
          "Recall@50_CI": [
            0.564613,
            0.798614
          ],
          "MRR": 0.184874,
          "MRR_CI": [
            0.104464,
            0.276344
          ],
          "refs_with_facts": 52,
          "n_ref": 66,
          "n_train": 100
        },
        "runtime_sec": 19.35,
        "n_train_pilot": 100,
        "n_ref": 66,
        "dda_meta": {
          "k_95": 77
        }
      },
      "ftrace": {
        "metrics": {
          "Recall@50": 0.651381,
          "Recall@50_CI": [
            0.553586,
            0.757382
          ],
          "MRR": 0.337731,
          "MRR_CI": [
            0.187013,
            0.495252
          ],
          "refs_with_facts": 28,
          "n_ref": 30,
          "n_train": 100
        },
        "runtime_sec": 19.34,
        "n_train_pilot": 100,
        "n_ref": 30,
        "dda_meta": {
          "k_95": 87
        }
      }
    }
  },
  "validity_checks": {
    "BM25": {
      "toxicity": {
        "AUPRC_valid": true,
        "AUPRC_above_random": true
      },
      "counterfact": {
        "Recall@50_valid": true,
        "MRR_valid": true
      },
      "ftrace": {
        "Recall@50_valid": true,
        "MRR_valid": true
      }
    },
    "kNN": {
      "toxicity": {
        "AUPRC_valid": true,
        "AUPRC_above_random": true
      },
      "counterfact": {
        "Recall@50_valid": true,
        "MRR_valid": true
      },
      "ftrace": {
        "Recall@50_valid": true,
        "MRR_valid": true
      }
    },
    "DDA": {
      "toxicity": {
        "AUPRC_valid": true,
        "AUPRC_above_random": true
      },
      "counterfact": {
        "Recall@50_valid": true,
        "MRR_valid": true
      },
      "ftrace": {
        "Recall@50_valid": true,
        "MRR_valid": true
      }
    }
  },
  "all_valid": true,
  "h8_directional_checks": {
    "toxicity_repsim_vs_bm25": {
      "repsim_AUPRC": 0.685158,
      "bm25_AUPRC": 0.509496,
      "gap_pp": 17.57,
      "repsim_wins": true
    }
  },
  "total_runtime_sec": 89.65,
  "gpu": "NVIDIA GeForce RTX 4090",
  "timestamp": "2026-03-17T01:27:38.663194"
}