{
  "task_id": "phase2_repsim_dim_sweep",
  "method": "RepSim_PCA_sweep",
  "model": "EleutherAI/pythia-1b",
  "hidden_dim": 2048,
  "pca_dims": [
    64,
    128,
    256,
    512,
    1024,
    2048
  ],
  "pilot_n_train": 100,
  "bootstrap_B": 1000,
  "seed": 42,
  "sweep_results": {
    "64": {
      "metrics": {
        "toxicity": {
          "AUPRC": 0.727657,
          "CI_lower": 0.538838,
          "CI_upper": 0.875321,
          "n_unsafe": 20,
          "n_train": 100
        },
        "counterfact": {
          "Recall@50": 1.0,
          "Recall@50_CI": [
            1.0,
            1.0
          ],
          "MRR": 0.855952,
          "MRR_CI": [
            0.773926,
            0.92922
          ],
          "refs_with_facts": 52,
          "n_ref": 66,
          "n_train": 100
        },
        "ftrace": {
          "Recall@50": 0.803126,
          "Recall@50_CI": [
            0.717492,
            0.877759
          ],
          "MRR": 0.652753,
          "MRR_CI": [
            0.505307,
            0.798711
          ],
          "refs_with_facts": 28,
          "n_ref": 30,
          "n_train": 100
        }
      },
      "runtime_sec": 10.07
    },
    "128": {
      "metrics": {
        "toxicity": {
          "AUPRC": 0.685158,
          "CI_lower": 0.471979,
          "CI_upper": 0.844056,
          "n_unsafe": 20,
          "n_train": 100
        },
        "counterfact": {
          "Recall@50": 1.0,
          "Recall@50_CI": [
            1.0,
            1.0
          ],
          "MRR": 0.876145,
          "MRR_CI": [
            0.79675,
            0.945479
          ],
          "refs_with_facts": 52,
          "n_ref": 66,
          "n_train": 100
        },
        "ftrace": {
          "Recall@50": 0.79095,
          "Recall@50_CI": [
            0.70667,
            0.864263
          ],
          "MRR": 0.624128,
          "MRR_CI": [
            0.470192,
            0.763928
          ],
          "refs_with_facts": 28,
          "n_ref": 30,
          "n_train": 100
        }
      },
      "runtime_sec": 9.81
    },
    "256": {
      "metrics": {
        "toxicity": {
          "AUPRC": 0.685158,
          "CI_lower": 0.471979,
          "CI_upper": 0.844056,
          "n_unsafe": 20,
          "n_train": 100
        },
        "counterfact": {
          "Recall@50": 0.99359,
          "Recall@50_CI": [
            0.979167,
            1.0
          ],
          "MRR": 0.875801,
          "MRR_CI": [
            0.797745,
            0.945513
          ],
          "refs_with_facts": 52,
          "n_ref": 66,
          "n_train": 100
        },
        "ftrace": {
          "Recall@50": 0.756321,
          "Recall@50_CI": [
            0.661071,
            0.841806
          ],
          "MRR": 0.617514,
          "MRR_CI": [
            0.465883,
            0.769108
          ],
          "refs_with_facts": 28,
          "n_ref": 30,
          "n_train": 100
        }
      },
      "runtime_sec": 7.66
    },
    "512": {
      "metrics": {
        "toxicity": {
          "AUPRC": 0.685158,
          "CI_lower": 0.471979,
          "CI_upper": 0.844056,
          "n_unsafe": 20,
          "n_train": 100
        },
        "counterfact": {
          "Recall@50": 0.99359,
          "Recall@50_CI": [
            0.979167,
            1.0
          ],
          "MRR": 0.875801,
          "MRR_CI": [
            0.797745,
            0.945513
          ],
          "refs_with_facts": 52,
          "n_ref": 66,
          "n_train": 100
        },
        "ftrace": {
          "Recall@50": 0.756321,
          "Recall@50_CI": [
            0.661071,
            0.841806
          ],
          "MRR": 0.617514,
          "MRR_CI": [
            0.465883,
            0.769108
          ],
          "refs_with_facts": 28,
          "n_ref": 30,
          "n_train": 100
        }
      },
      "runtime_sec": 7.76
    },
    "1024": {
      "metrics": {
        "toxicity": {
          "AUPRC": 0.685158,
          "CI_lower": 0.471979,
          "CI_upper": 0.844056,
          "n_unsafe": 20,
          "n_train": 100
        },
        "counterfact": {
          "Recall@50": 0.99359,
          "Recall@50_CI": [
            0.979167,
            1.0
          ],
          "MRR": 0.875801,
          "MRR_CI": [
            0.797745,
            0.945513
          ],
          "refs_with_facts": 52,
          "n_ref": 66,
          "n_train": 100
        },
        "ftrace": {
          "Recall@50": 0.756321,
          "Recall@50_CI": [
            0.661071,
            0.841806
          ],
          "MRR": 0.617514,
          "MRR_CI": [
            0.465883,
            0.769108
          ],
          "refs_with_facts": 28,
          "n_ref": 30,
          "n_train": 100
        }
      },
      "runtime_sec": 7.69
    },
    "2048": {
      "metrics": {
        "toxicity": {
          "AUPRC": 0.685158,
          "CI_lower": 0.471979,
          "CI_upper": 0.844056,
          "n_unsafe": 20,
          "n_train": 100
        },
        "counterfact": {
          "Recall@50": 0.99359,
          "Recall@50_CI": [
            0.979167,
            1.0
          ],
          "MRR": 0.875801,
          "MRR_CI": [
            0.797745,
            0.945513
          ],
          "refs_with_facts": 52,
          "n_ref": 66,
          "n_train": 100
        },
        "ftrace": {
          "Recall@50": 0.756321,
          "Recall@50_CI": [
            0.661071,
            0.841806
          ],
          "MRR": 0.617514,
          "MRR_CI": [
            0.465883,
            0.769108
          ],
          "refs_with_facts": 28,
          "n_ref": 30,
          "n_train": 100
        }
      },
      "runtime_sec": 7.85
    }
  },
  "pca_info": {
    "64": {
      "toxicity": {
        "effective_k": 64,
        "explained_variance_ratio": 0.940005,
        "top_eigenvalues": [
          0.170838,
          0.105132,
          0.026374,
          0.020137,
          0.01751,
          0.014563,
          0.013881,
          0.012015,
          0.010956,
          0.010451
        ],
        "n_fit_samples": 110
      },
      "counterfact": {
        "effective_k": 64,
        "explained_variance_ratio": 0.90323,
        "top_eigenvalues": [
          0.064386,
          0.047038,
          0.044247,
          0.023095,
          0.022691,
          0.020207,
          0.015532,
          0.01483,
          0.012435,
          0.012154
        ],
        "n_fit_samples": 166
      },
      "ftrace": {
        "effective_k": 64,
        "explained_variance_ratio": 0.853655,
        "top_eigenvalues": [
          0.050336,
          0.033851,
          0.027179,
          0.022163,
          0.018479,
          0.017002,
          0.01408,
          0.013407,
          0.011097,
          0.010751
        ],
        "n_fit_samples": 130
      }
    },
    "128": {
      "toxicity": {
        "note": "k=128 >= max_components=109; using full representations",
        "effective_k": 2048,
        "explained_variance_ratio": 1.0
      },
      "counterfact": {
        "effective_k": 128,
        "explained_variance_ratio": 0.987577,
        "top_eigenvalues": [
          0.064386,
          0.047038,
          0.044247,
          0.023095,
          0.022691,
          0.020207,
          0.015532,
          0.01483,
          0.012435,
          0.012154
        ],
        "n_fit_samples": 166
      },
      "ftrace": {
        "effective_k": 128,
        "explained_variance_ratio": 0.999545,
        "top_eigenvalues": [
          0.050336,
          0.033851,
          0.027179,
          0.022163,
          0.018479,
          0.017002,
          0.01408,
          0.013407,
          0.011097,
          0.010751
        ],
        "n_fit_samples": 130
      }
    },
    "256": {
      "toxicity": {
        "note": "k=256 >= max_components=109; using full representations",
        "effective_k": 2048,