{
  "pairwise": {
    "comparisons": [
      {
        "method_a": "repsim_standard_seed42",
        "method_b": "trak_standard_seed42",
        "mean_diff": 0.001179113402031362,
        "p_value": 1.0,
        "significant": false,
        "cohens_d": 0.0008691183206342053
      },
      {
        "method_a": "repsim_standard_seed42",
        "method_b": "gradsim_standard_seed42",
        "mean_diff": -0.07075910270214081,
        "p_value": 0.8316831683168316,
        "significant": false,
        "cohens_d": -0.05295678150517001
      },
      {
        "method_a": "trak_standard_seed42",
        "method_b": "gradsim_standard_seed42",
        "mean_diff": -0.07193818688392639,
        "p_value": 0.6237623762376238,
        "significant": false,
        "cohens_d": -0.0607415280510008
      }
    ],
    "n_significant": 0
  },
  "bootstrap_cis": {
    "repsim_standard_seed42": {
      "mean": -0.005460717715322971,
      "ci_lower": -0.2591125965118408,
      "ci_upper": 0.30692288279533386
    },
    "trak_standard_seed42": {
      "mean": -0.006639833562076092,
      "ci_lower": -0.19982677698135376,
      "ci_upper": 0.20828719437122345
    },
    "gradsim_standard_seed42": {
      "mean": 0.06529836356639862,
      "ci_lower": -0.11924634128808975,
      "ci_upper": 0.2756817936897278
    }
  }
}