{
  "toxicity": {
    "main_effects": {
      "fm1_effect": 0.10221840441226959,
      "fm2_effect": 0.055218055844306946,
      "interaction": 0.027605697512626648,
      "interaction_ratio": 0.49993968622263313
    },
    "fm1_test": {
      "mean_diff": 0.10221843421459198,
      "p_value": 0.009900990099009901,
      "cohens_d": 1.0700303697901583,
      "ci_95": [
        0.07815214991569519,
        0.1363675445318222
      ]
    },
    "fm2_test": {
      "mean_diff": 0.05521806329488754,
      "p_value": 0.009900990099009901,
      "cohens_d": 0.5769300620372149,
      "ci_95": [
        0.026149682700634003,
        0.08491672575473785
      ]
    },
    "independence_assessment": "strong_interaction",
    "cell_means": {
      "param_std": 0.1502833515405655,
      "param_contr": 0.1916985660791397,
      "repr_std": 0.23869891464710236,
      "repr_contr": 0.3077198266983032
    },
    "cmrr": 0.6576966047286987
  },
  "selection": {
    "main_effects": {
      "fm1_effect": 0.11913692951202393,
      "fm2_effect": 0.05774879455566406,
      "interaction": 0.020333275198936462,
      "interaction_ratio": 0.3520986949664762
    },
    "fm1_test": {
      "mean_diff": 0.11913694441318512,
      "p_value": 0.009900990099009901,
      "cohens_d": 1.2799311555207415,
      "ci_95": [
        0.10046485811471939,
        0.1395312249660492
      ]
    },
    "fm2_test": {
      "mean_diff": 0.057748790830373764,
      "p_value": 0.009900990099009901,
      "cohens_d": 0.5353092300768904,
      "ci_95": [
        0.031447313725948334,
        0.08746950328350067
      ]
    },
    "independence_assessment": "strong_interaction",
    "cell_means": {
      "param_std": 0.14134924113750458,
      "param_contr": 0.188931405544281,
      "repr_std": 0.25031954050064087,
      "repr_contr": 0.31823498010635376
    },
    "cmrr": 2.4283647537231445
  },
  "factual": {
    "main_effects": {
      "fm1_effect": 0.08681055903434753,
      "fm2_effect": 0.04052385687828064,
      "interaction": -0.012783408164978027,
      "interaction_ratio": 0.31545388691345133
    },
    "fm1_test": {
      "mean_diff": 0.08681054413318634,
      "p_value": 0.009900990099009901,
      "cohens_d": 0.825696737256336,
      "ci_95": [
        0.06200088560581207,
        0.11698580533266068
      ]
    },
    "fm2_test": {
      "mean_diff": 0.04052385315299034,
      "p_value": 0.0297029702970297,
      "cohens_d": 0.32872142871647886,
      "ci_95": [
        0.008866825141012669,
        0.07793471962213516
      ]
    },
    "independence_assessment": "strong_interaction",
    "cell_means": {
      "param_std": 0.15429306030273438,
      "param_contr": 0.20120860636234283,
      "repr_std": 0.24749530851840973,
      "repr_contr": 0.28162744641304016
    },
    "cmrr": 0.8973374366760254
  }
}