{
  "task_id": "phase0_kfac_control",
  "version": "v2",
  "model": "EleutherAI/pythia-70m",
  "hidden_dim": 512,
  "num_layers": 6,
  "kfac_target_layers": [
    4,
    5
  ],
  "kfac_damping_default": 0.001,
  "pilot_n_train": 100,
  "trak_k": 2048,
  "seed": 42,
  "methods_per_task": {
    "toxicity": {
      "repsim": {
        "metrics": {
          "AUPRC": 0.743545,
          "AUPRC_rank": 0.743545,
          "n_unsafe": 20,
          "score_diagnostics": {
            "mean": 0.9915930032730103,
            "std": 0.0042009660974144936,
            "min": 0.9711118936538696,
            "max": 0.9965529441833496,
            "median": 0.9927366971969604,
            "pct_positive": 100.0,
            "pct_negative": 0.0,
            "unsafe_mean": 0.995465874671936,
            "safe_mean": 0.9906249046325684,
            "separation": 0.004840970039367676,
            "cohens_d": 1.609389066696167
          }
        },
        "runtime_sec": 0.43
      },
      "kfac_if": {
        "metrics": {
          "AUPRC": 0.991486,
          "AUPRC_rank": 0.991486,
          "n_unsafe": 20,
          "score_diagnostics": {
            "mean": 124257.56494200135,
            "std": 175432.80669050405,
            "min": -49826.94953308105,
            "max": 969511.8294677734,
            "median": 73705.17100372314,
            "pct_positive": 89.0,
            "pct_negative": 11.0,
            "unsafe_mean": 407670.37396759033,
            "safe_mean": 53404.362685604094,
            "separation": 354266.01128198626,
            "cohens_d": 2.312086565445629
          }
        },
        "runtime_sec": 3.49
      },
      "raw_dot_if": {
        "metrics": {
          "AUPRC": 0.940135,
          "AUPRC_rank": 0.940135,
          "n_unsafe": 20,
          "score_diagnostics": {
            "mean": 4.013940914941049,
            "std": 2.5596244119196987,
            "min": -0.10392712249886245,
            "max": 12.965674928575755,
            "median": 3.7681245813379065,
            "pct_positive": 98.0,
            "pct_negative": 2.0,
            "unsafe_mean": 7.778528066189028,
            "safe_mean": 3.072794127129055,
            "separation": 4.705733939059973,
            "cohens_d": 2.6591347564991126
          }
        },
        "runtime_sec": 1.18
      },
      "diag_if": {
        "metrics": {
          "AUPRC": 0.976775,
          "AUPRC_rank": 0.976775,
          "n_unsafe": 20,
          "score_diagnostics": {
            "mean": 1781.0943970100282,
            "std": 1243.4030525495336,
            "min": 9.961205065250397,
            "max": 6359.469535064697,
            "median": 1553.624312311411,
            "pct_positive": 100.0,
            "pct_negative": 0.0,
            "unsafe_mean": 3714.2352059698105,
            "safe_mean": 1297.8091947700827,
            "separation": 2416.426011199728,
            "cohens_d": 2.856810020379229
          }
        },
        "runtime_sec": 1.44
      },
      "trak": {
        "metrics": {
          "AUPRC": 0.77762,
          "AUPRC_rank": 0.77762,
          "n_unsafe": 20,
          "score_diagnostics": {
            "mean": 0.1167859360575676,
            "std": 0.06663256883621216,
            "min": -0.0024794614873826504,
            "max": 0.27050867676734924,
            "median": 0.12444447726011276,
            "pct_positive": 99.0,
            "pct_negative": 1.0,
            "unsafe_mean": 0.19701923429965973,
            "safe_mean": 0.09672761708498001,
            "separation": 0.10029161721467972,
            "cohens_d": 2.1482110023498535
          }
        },
        "runtime_sec": 1.49
      }
    },
    "counterfact": {
      "repsim": {
        "metrics": {
          "Recall@50": 0.787879,
          "MRR": 0.649975,
          "refs_with_facts": 52
        },
        "runtime_sec": 0.09
      },
      "kfac_if": {
        "metrics": {
          "Recall@50": 0.757576,
          "MRR": 0.506123,
          "refs_with_facts": 52
        },
        "runtime_sec": 5.58
      },
      "raw_dot_if": {
        "metrics": {
          "Recall@50": 0.772727,
          "MRR": 0.427241,
          "refs_with_facts": 52
        },
        "runtime_sec": 7.58
      },
      "diag_if": {
        "metrics": {
          "Recall@50": 0.727273,
          "MRR": 0.41678,
          "refs_with_facts": 52
        },
        "runtime_sec": 7.31
      },
      "trak": {
        "metrics": {
          "Recall@50": 0.782828,
          "MRR": 0.422683,
          "refs_with_facts": 52
        },
        "runtime_sec": 2.15
      }
    }
  },
  "h6_analysis": {
    "toxicity": {
      "metric": "AUPRC",
      "repsim": 0.743545,
      "kfac_if": 0.991486,
      "diag_if": 0.976775,
      "trak": 0.77762,
      "raw_dot_if": 0.940135,
      "gap_repsim_kfac_pp": -24.79,
      "gap_repsim_diag_pp": -23.32,
      "gap_repsim_trak_pp": -3.41,
      "gap_repsim_raw_pp": -19.66,
      "kfac_over_diag_pp": 1.47,
      "h6_pass": false,
      "h6_falsified": true,
      "rank_based_auprc": {
        "repsim": 0.743545,
        "kfac_if": 0.991486,
        "diag_if": 0.976775,
        "trak": 0.77762,
        "raw_dot_if": 0.940135
      }
    },
    "counterfact": {
      "metric": "Recall@50+MRR",
      "repsim": 1.437854,
      "kfac_if": 1.263699,
      "diag_if": 1.144053,
      "trak": 1.205511,
      "raw_dot_if": 1.199968,
      "gap_repsim_kfac_pp": 17.42,
      "gap_repsim_diag_pp": 29.38,
      "gap_repsim_trak_pp": 23.23,
      "gap_repsim_raw_pp": 23.79,
      "kfac_over_diag_pp": 11.96,
      "h6_pass": true,
      "h6_falsified": false
    }
  },
  "h6_decision": "PARTIAL_PASS",
  "damping_sweep": {
    "toxicity": {
      "0.01": {
        "AUPRC": 0.991486,
        "AUPRC_rank": 0.991486,
        "n_unsafe": 20,
        "score_diagnostics": {
          "mean": 1336.355068104148,
          "std": 1874.478516520469,
          "min": -532.8348485469818,
          "max": 10316.21407699585,
          "median": 787.8986766576768,
          "pct_positive": 89.0,
          "pct_negative": 11.0,
          "unsafe_mean": 4373.6742894744875,
          "safe_mean": 577.025262761563,
          "separation": 3796.6490267129248,
          "cohens_d": 2.336077210568131
        }
      },
      "0.001": {
        "AUPRC": 0.991486,
        "AUPRC_rank": 0.991486,
        "n_unsafe": 20,
        "score_diagnostics": {
          "mean": 124257.56494200135,
          "std": 175432.80669050405,
          "min": -49826.94953308105,
          "max": 969511.8294677734,
          "median": 73705.17100372314,
          "pct_positive": 89.0,
          "pct_negative": 11.0,
          "unsafe_mean": 407670.37396759033,
          "safe_mean": 53404.362685604094,
          "separation": 354266.01128198626,
          "cohens_d": 2.312086565445629
        }
      },
      "0.0001": {
        "AUPRC": 0.991486,
        "AUPRC_rank": 0.991486,
        "n_unsafe": 20,
        "score_diagnostics": {
          "mean": 12267255.337054687,
          "std": 17343857.956050586,
          "min": -4923179.2875,
          "max": 95912765.3375,
          "median": 7278837.7958984375,
          "pct_positive": 89.0,
          "pct_negative": 11.0,
          "unsafe_mean": 40272770.083603516,
          "safe_mean": 5265876.650417481,
          "separation": 35006893.43318604,
          "cohens_d": 2.3080303151135824
        }
      }
    },
    "counterfact": {
      "0.01": {
        "Recall@50": 0.757576,
        "MRR": 0.503242,
        "refs_with_facts": 52
      },
      "0.001": {
        "Recall@50": 0.757576,
        "MRR": 0.506123,
        "refs_with_facts": 52
      },
      "0.0001": {
        "Recall@50": 0.757576,
        "MRR": 0.516455,
        "refs_with_facts": 52
      }
    }
  },
  "kfac_spectral": {
    "toxicity": {
      "gpt_neox.layers.4.attention.dense": {
        "A_shape": [
          512,
          512
        ],
        "G_shape": [
          512,
          512
        ],