{
  "lora_repsim_advantage": 0.06585622668266297,
  "ft_repsim_advantage": 0.18293646097183228,
  "interpretation": "FM1 scales with dimensionality"
}