{
  "task_id": "phase1_factorial_trak_contrastive",
  "method": "TRAK_contrastive",
  "scoring": "contrastive",
  "contrastive_protocol": "mean_subtraction_over_train",
  "space": "parameter",
  "model": "EleutherAI/pythia-1b",
  "hidden_dim": 2048,
  "trak_k": 2048,
  "pilot_n_train": 100,
  "bootstrap_B": 1000,
  "seed": 42,
  "results_per_task": {
    "toxicity": {
      "metrics": {
        "AUPRC": 0.925612,
        "CI_lower": 0.806091,
        "CI_upper": 0.997001,
        "n_unsafe": 20,
        "n_train": 100,
        "score_stats": {
          "mean": 7.450580707946131e-10,
          "std": 0.04246281087398529,
          "min": -0.04619831591844559,
          "max": 0.1844308227300644
        }
      },
      "runtime_sec": 10.34,
      "n_train_pilot": 100,
      "n_ref": 10
    },
    "counterfact": {
      "metrics": {
        "Recall@50": 0.669872,
        "Recall@50_CI": [
          0.542384,
          0.77783
        ],
        "MRR": 0.239908,
        "MRR_CI": [
          0.141839,
          0.337716
        ],
        "refs_with_facts": 52,
        "n_ref": 66,
        "n_train": 100
      },
      "runtime_sec": 14.76,
      "n_train_pilot": 100,
      "n_ref": 66
    },
    "ftrace": {
      "metrics": {
        "Recall@50": 0.590167,
        "Recall@50_CI": [
          0.49257,
          0.691745
        ],
        "MRR": 0.364972,
        "MRR_CI": [
          0.216127,
          0.526083
        ],
        "refs_with_facts": 28,
        "n_ref": 30,
        "n_train": 100
      },
      "runtime_sec": 11.21,
      "n_train_pilot": 100,
      "n_ref": 30
    }
  },
  "contrastive_analysis": {
    "toxicity": {
      "raw_sim_mean": 0.02061079442501068,
      "raw_sim_std": 0.061167340725660324,
      "contrastive_sim_mean": 0.0,
      "contrastive_sim_std": 0.06068284809589386,
      "mean_subtraction_magnitude": 0.02061079442501068,
      "mean_subtraction_std": 0.0076834410429000854
    },
    "counterfact": {
      "raw_sim_mean": 0.02502133883535862,
      "raw_sim_std": 0.08610334247350693,
      "contrastive_sim_mean": 1.4449610952205205e-10,
      "contrastive_sim_std": 0.0801088809967041,
      "mean_subtraction_magnitude": 0.02502133883535862,
      "mean_subtraction_std": 0.031565047800540924
    },
    "ftrace": {
      "raw_sim_mean": 0.6690284609794617,
      "raw_sim_std": 0.09077250957489014,
      "contrastive_sim_mean": 2.479553273815327e-08,
      "contrastive_sim_std": 0.08881939947605133,
      "mean_subtraction_magnitude": 0.6690284013748169,
      "mean_subtraction_std": 0.018728669732809067
    }
  },
  "h2_comparison": {
    "toxicity": {
      "metric": "AUPRC",
      "trak_standard": 0.925612,
      "trak_contrastive": 0.925612,
      "gain_pp": 0.0,
      "improved": false
    },
    "counterfact": {
      "metric": "Recall@50",
      "trak_standard": 0.669872,
      "trak_contrastive": 0.669872,
      "gain_pp": 0.0,
      "improved": false
    },
    "ftrace": {
      "metric": "Recall@50",
      "trak_standard": 0.590167,
      "trak_contrastive": 0.590167,
      "gain_pp": 0.0,
      "improved": false
    }
  },
  "h2_directional_pass": false,
  "timings": {
    "toxicity": 10.34,
    "counterfact": 14.76,
    "ftrace": 11.21
  },
  "validity_checks": {
    "toxicity": {
      "AUPRC_valid": true,
      "AUPRC_above_random": true
    },
    "counterfact": {
      "Recall@50_valid": true,
      "MRR_valid": true
    },
    "ftrace": {
      "Recall@50_valid": true,
      "MRR_valid": true
    }
  },
  "all_valid": true,
  "total_runtime_sec": 51.39,
  "gpu": "NVIDIA GeForce RTX 4090",
  "timestamp": "2026-03-17T01:23:15.339772"
}