{
  "task_id": "pilot_phase0",
  "seed": 42,
  "num_epochs": 30,
  "batch_size": 256,
  "num_tasks_model_a": 10,
  "num_tasks_model_b": 5,
  "model_b_tasks": [
    0,
    1,
    2,
    3,
    4
  ],
  "volume_controlled": true,
  "per_task_comparison": {
    "0": {
      "loss_10task": 0.6750822040596968,
      "loss_5task": 0.9306226021090291,
      "delta": -0.2555403980493324,
      "delta_pct": -27.45907927340389
    },
    "1": {
      "loss_10task": 0.8663105928961606,
      "loss_5task": 1.0052400150401068,
      "delta": -0.1389294221439462,
      "delta_pct": -13.820522468795996
    },
    "2": {
      "loss_10task": 0.5569293488671769,
      "loss_5task": 0.6701438045088863,
      "delta": -0.1132144556417094,
      "delta_pct": -16.894053914991932
    },
    "3": {
      "loss_10task": 0.4285717142039332,
      "loss_5task": 0.534508786256286,
      "delta": -0.10593707205235275,
      "delta_pct": -19.819519300017287
    },
    "4": {
      "loss_10task": 0.6401926970096439,
      "loss_5task": 0.8531797290123638,
      "delta": -0.21298703200271996,
      "delta_pct": -24.9639114432867
    },
    "5": {
      "loss_10task": 0.18535740417841623,
      "loss_5task": 3.307795056224575,
      "delta": -3.1224376520461585,
      "delta_pct": -94.3963455707568
    },
    "6": {
      "loss_10task": 0.7069163071481805,
      "loss_5task": 1.9315744701184725,
      "delta": -1.224658162970292,
      "delta_pct": -63.40206820476241
    },
    "7": {
      "loss_10task": 0.6485806531866882,
      "loss_5task": 3.156039077068062,
      "delta": -2.5074584238813737,
      "delta_pct": -79.44953667084455
    },
    "8": {
      "loss_10task": 1.1039193182904743,
      "loss_5task": 2.040165603890361,
      "delta": -0.9362462855998865,
      "delta_pct": -45.89070043209104
    },
    "9": {
      "loss_10task": 0.7816876137957853,
      "loss_5task": 2.182650089263916,
      "delta": -1.4009624754681307,
      "delta_pct": -64.18630647025039
    }
  },
  "gate_pass": true,
  "strong_signal": true,
  "max_delta_pct": 94.3963455707568,
  "significant_deltas_count": 10,
  "in_subset_mean_delta_pct": -20.59141728009916,
  "excluded_mean_delta_pct": -69.46499146974102,
  "model_10task": {
    "train_losses": [
      0.1412990208799866,
      0.08815755612555552,
      0.06729541777167469,
      0.056301607115363535,
      0.04816625718112019,
      0.04230600720356134,
      0.037192854659885845,
      0.033591221922754565,
      0.03034835613586686,
      0.02729650064562024,
      0.02545939128189771,
      0.022843589167512782,
      0.020608153585767883,
      0.019414056370309976,
      0.01756488976322792,
      0.015624214659593154,
      0.0145839311060792,
      0.013815868817883629,
      0.01269251864339987,
      0.011719189666275104,
      0.010831173371777615,
      0.010114735569169914,
      0.009480116451000371,
      0.009231200436426496,
      0.008808048760825344,
      0.008465283619112928,
      0.008310362987685949,
      0.008178394953244027,
      0.008072059257590974,
      0.008058760251680558
    ],
    "best_eval_loss": 0.611822340446526,
    "final_per_task_losses": {
      "0": 0.6750822040596968,
      "1": 0.8663105928961606,
      "2": 0.5569293488671769,
      "3": 0.4285717142039332,
      "4": 0.6401926970096439,
      "5": 0.18535740417841623,
      "6": 0.7069163071481805,
      "7": 0.6485806531866882,
      "8": 1.1039193182904743,
      "9": 0.7816876137957853
    }
  },
  "model_5task": {
    "train_losses": [
      0.1304653533311053,
      0.06626324176745997,
      0.04403176913778721,
      0.03480138358744708,
      0.02894692566372793,
      0.0232062855925919,
      0.02064456123149615,
      0.01755644411737607,
      0.016503480620237744,
      0.013816154239148918,
      0.012176057337042452,
      0.011636789225369946,
      0.009829977365866811,
      0.009091202651192858,
      0.008774213686013933,
      0.007663168456267819,
      0.006507346492567608,
      0.006706468304566277,
      0.006010536437811838,
      0.005198712198762223,
      0.004957688432610171,
      0.004624406958596824,
      0.004317534713746599,
      0.004144630765949842,
      0.00397706402145559,
      0.0038416540569001386,
      0.0037521209312465294,
      0.003674432478543498,
      0.0036330642052979038,
      0.003606156636537476
    ],
    "best_eval_loss": 1.627700998790382,
    "final_per_task_losses": {
      "0": 0.9306226021090291,
      "1": 1.0052400150401068,
      "2": 0.6701438045088863,
      "3": 0.534508786256286,
      "4": 0.8531797290123638,
      "5": 3.307795056224575,
      "6": 1.9315744701184725,
      "7": 3.156039077068062,
      "8": 2.040165603890361,
      "9": 2.182650089263916
    }
  },
  "elapsed_seconds": 523.9584209918976,
  "timestamp": "2026-03-17T18:30:15.775821"
}