{
  "task_id": "phase2_eigenspectrum",
  "version": "corrected",
  "based_on": "2026-03-17T01:06:04.721450",
  "model": "EleutherAI/pythia-70m",
  "hidden_dim": 512,
  "n_samples": 100,
  "max_rank": 99,
  "seed": 42,
  "mode": "pilot",
  "representation": {
    "n_total_eigenvalues": 512,
    "n_nonzero_eigenvalues": 109,
    "r_eff_90": 48,
    "r_eff_95": 63,
    "r_eff_99": 86,
    "condition_number_corrected": 44529693.448559135,
    "condition_number_original": 31170707456.0,
    "decay_fracs": {
      "top_5": 0.3486342061710127,
      "top_10": 0.5032863925068608,
      "top_20": 0.6806897054748857,
      "top_50": 0.9100867397758036
    },
    "top_10_eigenvalues": [
      46.03633117675781,
      41.57358932495117,
      33.1904182434082,
      27.197965621948242,
      21.483592987060547,
      18.9820499420166,
      16.51247215270996,
      14.445694923400879,
      12.940177917480469,
      12.300827980041504
    ]
  },
  "gradient_target_layers": {
    "target_layers": [
      4,
      5
    ],
    "total_grad_dim": 6304768,
    "n_nonzero_eigenvalues": 99,
    "r_eff_90": 32,
    "r_eff_95": 53,
    "r_eff_99": 85,
    "condition_number_corrected": 412.0937370852118,
    "decay_fracs": {
      "top_5": 0.5852699906939272,
      "top_10": 0.7231738060044014,
      "top_20": 0.8420580488824339,
      "top_50": 0.9462586186511962
    },
    "top_10_eigenvalues": [
      1515.1051025390625,
      845.9859619140625,
      762.552490234375,
      427.164306640625,
      320.5849304199219,
      248.7263641357422,
      212.14276123046875,
      174.8224639892578,
      142.9534912109375,
      133.5490264892578
    ]
  },
  "gradient_full_model": {
    "total_grad_dim": 70426624,
    "n_nonzero_eigenvalues": 99,
    "r_eff_90": 7,
    "r_eff_95": 10,
    "r_eff_99": 55,
    "condition_number_corrected": 3589.1344815780008,
    "decay_fracs": {
      "top_5": 0.8555535105433917,
      "top_10": 0.9518281680703765,
      "top_20": 0.9709562022992444,
      "top_50": 0.988469626038606
    },
    "top_10_eigenvalues": [
      39859.140625,
      15132.1181640625,
      9368.423828125,
      3903.214111328125,
      3616.7197265625,
      2587.4072265625,
      1876.6949462890625,
      1793.767333984375,
      1283.4906005859375,
      547.1876831054688
    ]
  },
  "hypotheses": {
    "H4": {
      "pilot_limitation": "N=100 caps rank at 99; cannot test [256, 1024] directly",
      "rep_r_eff_95": 63,
      "grad_target_r_eff_95": 53,
      "grad_full_r_eff_95": 10,
      "grad_more_concentrated_than_rep": true,
      "full_model_even_more_concentrated": true,
      "rep_top5_frac": 0.3486342061710127,
      "grad_target_top5_frac": 0.5852699906939272,
      "grad_full_top5_frac": 0.8555535105433917,
      "interpretation": "Gradient eigenspectrum decays FASTER than representation eigenspectrum. Full-model top-5 captures 85.6% of gradient variance vs 34.9% for representations. This is consistent with H4: gradient signal lives in a low-rank subspace. At full scale, we expect r_eff(Sigma_g) >> r_eff_pilot but still << D_grad, and plausibly in [256, 1024] range for the signal subspace.",
      "directional_pass": true
    },
    "H9": {
      "corrected_condition_numbers": {
        "rep": 44529693.448559135,
        "grad_target": 412.0937370852118,
        "grad_full": 3589.1344815780008
      },
      "n_nonzero_eigenvalues": {
        "rep": 109,
        "grad_target": 99,
        "grad_full": 99
      },
      "r_eff_95_fraction": {
        "rep": 0.578,
        "grad_target": 0.5354,
        "grad_full": 0.101
      },
      "rep_condition_lt_100": false,
      "grad_condition_gt_1e4": false,
      "pass": false,
      "interpretation": "H9 FAILS on both criteria with corrected condition numbers. Rep condition=4.45e+07 (>>100), grad_full condition=3.59e+03 (<10^4). However, pilot N=100 makes condition numbers unreliable: rep covariance has rank 109 in d=512 space (smallest eigenvalue is noise-dominated). The more robust finding: gradient spectrum is MORE concentrated than representation spectrum (r_eff_95 fraction: grad_full=0.101 vs rep=0.578), meaning gradient signal is lower-rank. This supports FM1 diagnosis but contradicts the specific H9 condition-number predictions."
    }
  },
  "spectral_comparison": {
    "rep_vs_grad_target": {
      "rep_r_eff_95": 63,
      "grad_r_eff_95": 53,
      "grad_more_concentrated": true,
      "rep_top5_frac": 0.3486342061710127,
      "grad_top5_frac": 0.5852699906939272
    },
    "rep_vs_grad_full": {
      "rep_r_eff_95": 63,
      "grad_r_eff_95": 10,
      "grad_more_concentrated": true,
      "rep_top5_frac": 0.3486342061710127,
      "grad_top5_frac": 0.8555535105433917
    }
  },
  "pilot_summary": {
    "key_findings": [
      "Gradient eigenspectrum decays faster than representation eigenspectrum",
      "Full-model gradient: top-5 eigenvalues capture 85.6% of variance (extremely low-rank)",
      "Representation: top-5 eigenvalues capture 34.9% of variance (more spread)",
      "Gradient r_eff_95=10 vs representation r_eff_95=63 (full model vs rep)",
      "H4 directionally supported: gradient signal lives in low-rank subspace",
      "H9 fails: both spaces are anisotropic; condition number comparison unreliable at N=100"
    ],
    "go_no_go": "GO",
    "confidence": 0.65,
    "recommendation": "Proceed with full-scale experiment to properly test H4 (N >> d needed) and H9. The pilot confirms the fundamental asymmetry between gradient and representation eigenspectra, which is the core evidence for FM1. H9's specific condition-number thresholds may need revision but the directional finding (gradient is more concentrated) holds strongly."
  },
  "timestamp": "2026-03-17T01:10:40.704370"
}